"Status","Start Time","Stop Time","Duration in ms","Parent Suite","Suite","Sub Suite","Test Class","Test Method","Name","Description"
"passed","Fri Nov 13 12:00:17 CST 2020","Fri Nov 13 12:00:17 CST 2020","721","","test_v2ex_api2","TestV2exApi","","","test_node[lang0]",""
"failed","Fri Nov 13 12:00:15 CST 2020","Fri Nov 13 12:00:16 CST 2020","726","","test_v2ex_api1","TestV2exApi","","","test_node[lang2]",""
"failed","Fri Nov 13 12:00:13 CST 2020","Fri Nov 13 12:00:15 CST 2020","1675","","test_v2ex_api1","TestV2exApi","","","test_node[lang1]",""
"passed","Fri Nov 13 12:00:12 CST 2020","Fri Nov 13 12:00:13 CST 2020","747","","test_v2ex_api","TestV2exApi","","","test_node",""
"failed","Fri Nov 13 12:00:18 CST 2020","Fri Nov 13 12:00:19 CST 2020","752","","test_v2ex_api2","TestV2exApi","","","test_node[lang2]",""
"failed","Fri Nov 13 12:00:13 CST 2020","Fri Nov 13 12:00:13 CST 2020","711","","test_v2ex_api1","TestV2exApi","","","test_node[lang0]",""
"failed","Fri Nov 13 12:00:16 CST 2020","Fri Nov 13 12:00:17 CST 2020","737","","test_v2ex_api1","TestV2exApi","","","test_node[lang3]",""
"passed","Fri Nov 13 12:00:19 CST 2020","Fri Nov 13 12:00:20 CST 2020","858","","test_v2ex_api2","TestV2exApi","","","test_node[lang3]",""
"passed","Fri Nov 13 12:00:17 CST 2020","Fri Nov 13 12:00:18 CST 2020","760","","test_v2ex_api2","TestV2exApi","","","test_node[lang1]",""
